AttendanceID,AttendanceDate,CheckInTime,CheckOutTime,MemberID
19,2023-08-04,2023-08-04 07:30:00 AM,2023-08-04 09:30:00 AM,1
20,2023-08-05,2023-08-05 07:30:00 AM,2023-08-05 09:30:00 AM,1
21,2023-08-06,2023-08-06 07:30:00 AM,2023-08-06 09:30:00 AM,1
22,2023-08-07,2023-08-07 07:30:00 AM,2023-08-07 09:30:00 AM,1
23,2023-08-08,2023-08-08 07:30:00 AM,2023-08-08 09:30:00 AM,1
24,2023-08-09,2023-08-09 07:30:00 AM,2023-08-09 09:30:00 AM,1
25,2023-08-10,2023-08-10 07:30:00 AM,2023-08-10 09:30:00 AM,1
26,2023-08-11,2023-08-11 07:30:00 AM,2023-08-11 09:30:00 AM,1
27,2023-08-12,2023-08-12 07:30:00 AM,2023-08-12 09:30:00 AM,1
28,2023-08-13,2023-08-13 07:30:00 AM,2023-08-13 09:30:00 AM,1
29,2023-08-14,2023-08-14 07:30:00 AM,2023-08-14 09:30:00 AM,1
30,2023-08-15,2023-08-15 07:30:00 AM,2023-08-15 09:30:00 AM,1
31,2023-08-16,2023-08-16 07:30:00 AM,2023-08-16 09:30:00 AM,1
32,2023-08-17,2023-08-17 07:30:00 AM,2023-08-17 09:30:00 AM,1
33,2023-08-18,2023-08-18 07:30:00 AM,2023-08-18 09:30:00 AM,1
34,2023-08-19,2023-08-19 07:30:00 AM,2023-08-19 09:30:00 AM,1
35,2023-08-20,2023-08-20 07:30:00 AM,2023-08-20 09:30:00 AM,1
36,2023-08-21,2023-08-21 07:30:00 AM,2023-08-21 09:30:00 AM,1
37,2023-08-22,2023-08-22 07:30:00 AM,2023-08-22 09:30:00 AM,1
38,2023-08-23,2023-08-23 07:30:00 AM,2023-08-23 09:30:00 AM,1
39,2023-08-24,2023-08-24 07:30:00 AM,2023-08-24 09:30:00 AM,1
40,2023-08-25,2023-08-25 07:30:00 AM,2023-08-25 09:30:00 AM,1
41,2023-08-26,2023-08-26 07:30:00 AM,2023-08-26 09:30:00 AM,1
42,2023-08-27,2023-08-27 07:30:00 AM,2023-08-27 09:30:00 AM,1
43,2023-08-28,2023-08-28 07:30:00 AM,2023-08-28 09:30:00 AM,1
44,2023-08-29,2023-08-29 07:30:00 AM,2023-08-29 09:30:00 AM,1
45,2023-08-30,2023-08-30 07:30:00 AM,2023-08-30 09:30:00 AM,1
46,2023-08-31,2023-08-31 07:30:00 AM,2023-08-31 09:30:00 AM,1
47,2023-09-01,2023-09-01 07:30:00 AM,2023-09-01 09:30:00 AM,1
48,2023-09-02,2023-09-02 07:30:00 AM,2023-09-02 09:30:00 AM,1
49,2023-09-03,2023-09-03 07:30:00 AM,2023-09-03 09:30:00 AM,1
50,2023-09-04,2023-09-04 07:30:00 AM,2023-09-04 09:30:00 AM,1
51,2023-09-05,2023-09-05 07:30:00 AM,2023-09-05 09:30:00 AM,1
52,2023-09-06,2023-09-06 07:30:00 AM,2023-09-06 09:30:00 AM,1
53,2023-09-07,2023-09-07 07:30:00 AM,2023-09-07 09:30:00 AM,1
54,2023-09-08,2023-09-08 07:30:00 AM,2023-09-08 09:30:00 AM,1
55,2023-09-09,2023-09-09 07:30:00 AM,2023-09-09 09:30:00 AM,1
56,2023-09-10,2023-09-10 07:30:00 AM,2023-09-10 09:30:00 AM,1
57,2023-09-11,2023-09-11 07:30:00 AM,2023-09-11 09:30:00 AM,1
58,2023-09-12,2023-09-12 07:30:00 AM,2023-09-12 09:30:00 AM,1
59,2023-09-13,2023-09-13 07:30:00 AM,2023-09-13 09:30:00 AM,1
60,2023-09-14,2023-09-14 07:30:00 AM,2023-09-14 09:30:00 AM,1
61,2023-09-15,2023-09-15 07:30:00 AM,2023-09-15 09:30:00 AM,1
62,2023-09-16,2023-09-16 07:30:00 AM,2023-09-16 09:30:00 AM,1
63,2023-09-17,2023-09-17 07:30:00 AM,2023-09-17 09:30:00 AM,1
64,2023-09-18,2023-09-18 07:30:00 AM,2023-09-18 09:30:00 AM,1
65,2023-09-19,2023-09-19 07:30:00 AM,2023-09-19 09:30:00 AM,1
66,2023-09-20,2023-09-20 07:30:00 AM,2023-09-20 09:30:00 AM,1
67,2023-09-21,2023-09-21 07:30:00 AM,2023-09-21 09:30:00 AM,1
68,2023-09-22,2023-09-22 07:30:00 AM,2023-09-22 09:30:00 AM,1
69,2023-09-23,2023-09-23 07:30:00 AM,2023-09-23 09:30:00 AM,1
70,2023-09-24,2023-09-24 07:30:00 AM,2023-09-24 09:30:00 AM,1
71,2023-09-25,2023-09-25 07:30:00 AM,2023-09-25 09:30:00 AM,1
72,2023-09-26,2023-09-26 07:30:00 AM,2023-09-26 09:30:00 AM,1
73,2023-09-27,2023-09-27 07:30:00 AM,2023-09-27 09:30:00 AM,1
74,2023-09-28,2023-09-28 07:30:00 AM,2023-09-28 09:30:00 AM,1
75,2023-09-29,2023-09-29 07:30:00 AM,2023-09-29 09:30:00 AM,1
76,2023-09-30,2023-09-30 07:30:00 AM,2023-09-30 09:30:00 AM,1
77,2023-10-01,2023-10-01 07:30:00 AM,2023-10-01 09:30:00 AM,1
78,2023-10-02,2023-10-02 07:30:00 AM,2023-10-02 09:30:00 AM,1
79,2023-10-03,2023-10-03 07:30:00 AM,2023-10-03 09:30:00 AM,1
80,2023-10-04,2023-10-04 07:30:00 AM,2023-10-04 09:30:00 AM,1
81,2023-10-05,2023-10-05 07:30:00 AM,2023-10-05 09:30:00 AM,1
82,2023-10-06,2023-10-06 07:30:00 AM,2023-10-06 09:30:00 AM,1
83,2023-10-07,2023-10-07 07:30:00 AM,2023-10-07 09:30:00 AM,1
84,2023-10-08,2023-10-08 07:30:00 AM,2023-10-08 09:30:00 AM,1
85,2023-10-09,2023-10-09 07:30:00 AM,2023-10-09 09:30:00 AM,1
86,2023-10-10,2023-10-10 07:30:00 AM,2023-10-10 09:30:00 AM,1
87,2023-10-11,2023-10-11 07:30:00 AM,2023-10-11 09:30:00 AM,1
88,2023-10-12,2023-10-12 07:30:00 AM,2023-10-12 09:30:00 AM,1
89,2023-10-13,2023-10-13 07:30:00 AM,2023-10-13 09:30:00 AM,1
90,2023-10-14,2023-10-14 07:30:00 AM,2023-10-14 09:30:00 AM,1
91,2023-10-15,2023-10-15 07:30:00 AM,2023-10-15 09:30:00 AM,1
92,2023-10-16,2023-10-16 07:30:00 AM,2023-10-16 09:30:00 AM,1
93,2023-10-17,2023-10-17 07:30:00 AM,2023-10-17 09:30:00 AM,1
94,2023-10-18,2023-10-18 07:30:00 AM,2023-10-18 09:30:00 AM,1
95,2023-10-19,2023-10-19 07:30:00 AM,2023-10-19 09:30:00 AM,1
96,2023-10-20,2023-10-20 07:30:00 AM,2023-10-20 09:30:00 AM,1
97,2023-10-21,2023-10-21 07:30:00 AM,2023-10-21 09:30:00 AM,1
98,2023-10-22,2023-10-22 07:30:00 AM,2023-10-22 09:30:00 AM,1
99,2023-10-23,2023-10-23 07:30:00 AM,2023-10-23 09:30:00 AM,1
100,2023-10-24,2023-10-24 07:30:00 AM,2023-10-24 09:30:00 AM,1
101,2023-10-25,2023-10-25 07:30:00 AM,2023-10-25 09:30:00 AM,1
102,2023-10-26,2023-10-26 07:30:00 AM,2023-10-26 09:30:00 AM,1
103,2023-10-27,2023-10-27 07:30:00 AM,2023-10-27 09:30:00 AM,1
104,2023-10-28,2023-10-28 07:30:00 AM,2023-10-28 09:30:00 AM,1
105,2023-10-29,2023-10-29 07:30:00 AM,2023-10-29 09:30:00 AM,1
106,2023-10-30,2023-10-30 07:30:00 AM,2023-10-30 09:30:00 AM,1
107,2023-10-31,2023-10-31 07:30:00 AM,2023-10-31 09:30:00 AM,1
108,2023-11-01,2023-11-01 07:30:00 AM,2023-11-01 09:30:00 AM,1
109,2023-11-02,2023-11-02 07:30:00 AM,2023-11-02 09:30:00 AM,1
110,2023-11-03,2023-11-03 07:30:00 AM,2023-11-03 09:30:00 AM,1
111,2023-11-04,2023-11-04 07:30:00 AM,2023-11-04 09:30:00 AM,1
112,2023-11-05,2023-11-05 07:30:00 AM,2023-11-05 09:30:00 AM,1
113,2023-11-06,2023-11-06 07:30:00 AM,2023-11-06 09:30:00 AM,1
114,2023-11-07,2023-11-07 07:30:00 AM,2023-11-07 09:30:00 AM,1
115,2023-11-08,2023-11-08 07:30:00 AM,2023-11-08 09:30:00 AM,1
116,2023-11-09,2023-11-09 07:30:00 AM,2023-11-09 09:30:00 AM,1
117,2023-11-10,2023-11-10 07:30:00 AM,2023-11-10 09:30:00 AM,1
118,2023-11-11,2023-11-11 07:30:00 AM,2023-11-11 09:30:00 AM,1
119,2023-11-12,2023-11-12 07:30:00 AM,2023-11-12 09:30:00 AM,1
120,2023-11-13,2023-11-13 07:30:00 AM,2023-11-13 09:30:00 AM,1
121,2023-11-14,2023-11-14 07:30:00 AM,2023-11-14 09:30:00 AM,1
122,2023-11-15,2023-11-15 07:30:00 AM,2023-11-15 09:30:00 AM,1
123,2023-11-16,2023-11-16 07:30:00 AM,2023-11-16 09:30:00 AM,1
124,2023-11-17,2023-11-17 07:30:00 AM,2023-11-17 09:30:00 AM,1
125,2023-11-18,2023-11-18 07:30:00 AM,2023-11-18 09:30:00 AM,1
126,2023-11-19,2023-11-19 07:30:00 AM,2023-11-19 09:30:00 AM,1
127,2023-11-20,2023-11-20 07:30:00 AM,2023-11-20 09:30:00 AM,1
128,2023-11-21,2023-11-21 07:30:00 AM,2023-11-21 09:30:00 AM,1
129,2023-11-22,2023-11-22 07:30:00 AM,2023-11-22 09:30:00 AM,1
130,2023-11-23,2023-11-23 07:30:00 AM,2023-11-23 09:30:00 AM,1
131,2023-11-24,2023-11-24 07:30:00 AM,2023-11-24 09:30:00 AM,1
132,2023-11-25,2023-11-25 07:30:00 AM,2023-11-25 09:30:00 AM,1
133,2023-11-26,2023-11-26 07:30:00 AM,2023-11-26 09:30:00 AM,1
134,2023-11-27,2023-11-27 07:30:00 AM,2023-11-27 09:30:00 AM,1
135,2023-11-28,2023-11-28 07:30:00 AM,2023-11-28 09:30:00 AM,1
136,2023-11-29,2023-11-29 07:30:00 AM,2023-11-29 09:30:00 AM,1
137,2023-11-30,2023-11-30 07:30:00 AM,2023-11-30 09:30:00 AM,1
138,2023-12-01,2023-12-01 07:30:00 AM,2023-12-01 09:30:00 AM,1
139,2023-12-02,2023-12-02 07:30:00 AM,2023-12-02 09:30:00 AM,1
140,2023-12-03,2023-12-03 07:30:00 AM,2023-12-03 09:30:00 AM,1
141,2023-12-04,2023-12-04 07:30:00 AM,2023-12-04 09:30:00 AM,1
142,2023-12-05,2023-12-05 07:30:00 AM,2023-12-05 09:30:00 AM,1
143,2023-12-06,2023-12-06 07:30:00 AM,2023-12-06 09:30:00 AM,1
144,2023-12-07,2023-12-07 07:30:00 AM,2023-12-07 09:30:00 AM,1
145,2023-12-08,2023-12-08 07:30:00 AM,2023-12-08 09:30:00 AM,1
146,2023-12-09,2023-12-09 07:30:00 AM,2023-12-09 09:30:00 AM,1
147,2023-12-10,2023-12-10 07:30:00 AM,2023-12-10 09:30:00 AM,1
148,2023-12-11,2023-12-11 07:30:00 AM,2023-12-11 09:30:00 AM,1
149,2023-12-12,2023-12-12 07:30:00 AM,2023-12-12 09:30:00 AM,1
150,2023-12-13,2023-12-13 07:30:00 AM,2023-12-13 09:30:00 AM,1
151,2023-12-14,2023-12-14 07:30:00 AM,2023-12-14 09:30:00 AM,1
152,2023-12-15,2023-12-15 07:30:00 AM,2023-12-15 09:30:00 AM,1
153,2023-12-16,2023-12-16 07:30:00 AM,2023-12-16 09:30:00 AM,1
154,2023-12-17,2023-12-17 07:30:00 AM,2023-12-17 09:30:00 AM,1
155,2023-12-18,2023-12-18 07:30:00 AM,2023-12-18 09:30:00 AM,1
156,2023-12-19,2023-12-19 07:30:00 AM,2023-12-19 09:30:00 AM,1
157,2023-12-20,2023-12-20 07:30:00 AM,2023-12-20 09:30:00 AM,1
158,2023-12-21,2023-12-21 07:30:00 AM,2023-12-21 09:30:00 AM,1
159,2023-12-22,2023-12-22 07:30:00 AM,2023-12-22 09:30:00 AM,1
160,2023-12-23,2023-12-23 07:30:00 AM,2023-12-23 09:30:00 AM,1
161,2023-12-24,2023-12-24 07:30:00 AM,2023-12-24 09:30:00 AM,1
162,2023-12-25,2023-12-25 07:30:00 AM,2023-12-25 09:30:00 AM,1
163,2023-12-26,2023-12-26 07:30:00 AM,2023-12-26 09:30:00 AM,1
164,2023-12-27,2023-12-27 07:30:00 AM,2023-12-27 09:30:00 AM,1
165,2023-12-28,2023-12-28 07:30:00 AM,2023-12-28 09:30:00 AM,1
166,2023-12-29,2023-12-29 07:30:00 AM,2023-12-29 09:30:00 AM,1
167,2023-12-30,2023-12-30 07:30:00 AM,2023-12-30 09:30:00 AM,1
168,2023-12-31,2023-12-31 07:30:00 AM,2023-12-31 09:30:00 AM,1
169,2024-01-01,2024-01-01 07:30:00 AM,2024-01-01 09:30:00 AM,1
170,2024-01-02,2024-01-02 07:30:00 AM,2024-01-02 09:30:00 AM,1
171,2024-01-03,2024-01-03 07:30:00 AM,2024-01-03 09:30:00 AM,1
172,2024-01-04,2024-01-04 07:30:00 AM,2024-01-04 09:30:00 AM,1
173,2024-01-05,2024-01-05 07:30:00 AM,2024-01-05 09:30:00 AM,1
174,2024-01-05,2024-01-05 08:30:00 AM,2024-01-05 09:45:00 AM,3
175,2024-01-06,2024-01-06 07:30:00 AM,2024-01-06 09:30:00 AM,1
176,2024-01-06,2024-01-06 08:30:00 AM,2024-01-06 09:45:00 AM,3
177,2024-01-07,2024-01-07 07:30:00 AM,2024-01-07 09:30:00 AM,1
178,2024-01-07,2024-01-07 08:30:00 AM,2024-01-07 09:45:00 AM,3
179,2024-01-08,2024-01-08 07:30:00 AM,2024-01-08 09:30:00 AM,1
180,2024-01-08,2024-01-08 08:30:00 AM,2024-01-08 09:45:00 AM,3
181,2024-01-09,2024-01-09 07:30:00 AM,2024-01-09 09:30:00 AM,1
182,2024-01-09,2024-01-09 08:30:00 AM,2024-01-09 09:45:00 AM,3
183,2024-01-10,2024-01-10 07:30:00 AM,2024-01-10 09:30:00 AM,1
184,2024-01-10,2024-01-10 08:30:00 AM,2024-01-10 09:45:00 AM,3
185,2024-01-11,2024-01-11 07:30:00 AM,2024-01-11 09:30:00 AM,1
186,2024-01-11,2024-01-11 08:30:00 AM,2024-01-11 09:45:00 AM,3
187,2024-01-12,2024-01-12 07:30:00 AM,2024-01-12 09:30:00 AM,1
188,2024-01-12,2024-01-12 08:30:00 AM,2024-01-12 09:45:00 AM,3
189,2024-01-13,2024-01-13 07:30:00 AM,2024-01-13 09:30:00 AM,1
190,2024-01-13,2024-01-13 08:30:00 AM,2024-01-13 09:45:00 AM,3
191,2024-01-14,2024-01-14 07:30:00 AM,2024-01-14 09:30:00 AM,1
192,2024-01-14,2024-01-14 08:30:00 AM,2024-01-14 09:45:00 AM,3
193,2024-01-15,2024-01-15 07:30:00 AM,2024-01-15 09:30:00 AM,1
194,2024-01-15,2024-01-15 08:30:00 AM,2024-01-15 09:45:00 AM,3
195,2024-01-16,2024-01-16 07:30:00 AM,2024-01-16 09:30:00 AM,1
196,2024-01-16,2024-01-16 08:30:00 AM,2024-01-16 09:45:00 AM,3
197,2024-01-17,2024-01-17 07:30:00 AM,2024-01-17 09:30:00 AM,1
198,2024-01-17,2024-01-17 08:30:00 AM,2024-01-17 09:45:00 AM,3
199,2024-01-18,2024-01-18 07:30:00 AM,2024-01-18 09:30:00 AM,1
200,2024-01-18,2024-01-18 08:30:00 AM,2024-01-18 09:45:00 AM,3
201,2024-01-19,2024-01-19 07:30:00 AM,2024-01-19 09:30:00 AM,1
202,2024-01-19,2024-01-19 08:30:00 AM,2024-01-19 09:45:00 AM,3
203,2024-01-20,2024-01-20 07:30:00 AM,2024-01-20 09:30:00 AM,1
204,2024-01-20,2024-01-20 08:30:00 AM,2024-01-20 09:45:00 AM,3
205,2024-01-21,2024-01-21 07:30:00 AM,2024-01-21 09:30:00 AM,1
206,2024-01-21,2024-01-21 08:30:00 AM,2024-01-21 09:45:00 AM,3
207,2024-01-22,2024-01-22 07:30:00 AM,2024-01-22 09:30:00 AM,1
208,2024-01-22,2024-01-22 08:30:00 AM,2024-01-22 09:45:00 AM,3
209,2024-01-23,2024-01-23 07:30:00 AM,2024-01-23 09:30:00 AM,1
210,2024-01-23,2024-01-23 08:30:00 AM,2024-01-23 09:45:00 AM,3
211,2024-01-24,2024-01-24 07:30:00 AM,2024-01-24 09:30:00 AM,1
212,2024-01-24,2024-01-24 08:30:00 AM,2024-01-24 09:45:00 AM,3
213,2024-01-25,2024-01-25 07:30:00 AM,2024-01-25 09:30:00 AM,1
214,2024-01-25,2024-01-25 08:30:00 AM,2024-01-25 09:45:00 AM,3
215,2024-01-26,2024-01-26 07:30:00 AM,2024-01-26 09:30:00 AM,1
216,2024-01-26,2024-01-26 08:30:00 AM,2024-01-26 09:45:00 AM,3
217,2024-01-27,2024-01-27 07:30:00 AM,2024-01-27 09:30:00 AM,1
218,2024-01-27,2024-01-27 08:30:00 AM,2024-01-27 09:45:00 AM,3
219,2024-01-28,2024-01-28 07:30:00 AM,2024-01-28 09:30:00 AM,1
220,2024-01-28,2024-01-28 08:30:00 AM,2024-01-28 09:45:00 AM,3
221,2024-01-29,2024-01-29 07:30:00 AM,2024-01-29 09:30:00 AM,1
222,2024-01-29,2024-01-29 08:30:00 AM,2024-01-29 09:45:00 AM,3
223,2024-01-30,2024-01-30 07:30:00 AM,2024-01-30 09:30:00 AM,1
224,2024-01-30,2024-01-30 08:30:00 AM,2024-01-30 09:45:00 AM,3
225,2024-01-31,2024-01-31 07:30:00 AM,2024-01-31 09:30:00 AM,1
226,2024-01-31,2024-01-31 08:30:00 AM,2024-01-31 09:45:00 AM,3
227,2024-02-01,2024-02-01 07:30:00 AM,2024-02-01 09:30:00 AM,1
228,2024-02-01,2024-02-01 08:30:00 AM,2024-02-01 09:45:00 AM,3
229,2024-02-02,2024-02-02 07:30:00 AM,2024-02-02 09:30:00 AM,1
230,2024-02-02,2024-02-02 08:30:00 AM,2024-02-02 09:45:00 AM,3
231,2024-02-03,2024-02-03 07:30:00 AM,2024-02-03 09:30:00 AM,1
232,2024-02-03,2024-02-03 08:30:00 AM,2024-02-03 09:45:00 AM,3
233,2024-02-04,2024-02-04 07:30:00 AM,2024-02-04 09:30:00 AM,1
234,2024-02-04,2024-02-04 08:30:00 AM,2024-02-04 09:45:00 AM,3
235,2024-02-05,2024-02-05 07:30:00 AM,2024-02-05 09:30:00 AM,1
236,2024-02-05,2024-02-05 08:30:00 AM,2024-02-05 09:45:00 AM,3
237,2024-02-06,2024-02-06 07:30:00 AM,2024-02-06 09:30:00 AM,1
238,2024-02-06,2024-02-06 08:30:00 AM,2024-02-06 09:45:00 AM,3
239,2024-02-07,2024-02-07 07:30:00 AM,2024-02-07 09:30:00 AM,1
240,2024-02-07,2024-02-07 08:30:00 AM,2024-02-07 09:45:00 AM,3
241,2024-02-08,2024-02-08 07:30:00 AM,2024-02-08 09:30:00 AM,1
242,2024-02-08,2024-02-08 08:30:00 AM,2024-02-08 09:45:00 AM,3
243,2024-02-09,2024-02-09 07:30:00 AM,2024-02-09 09:30:00 AM,1
244,2024-02-09,2024-02-09 08:30:00 AM,2024-02-09 09:45:00 AM,3
245,2024-02-10,2024-02-10 07:30:00 AM,2024-02-10 09:30:00 AM,1
246,2024-02-10,2024-02-10 08:30:00 AM,2024-02-10 09:45:00 AM,3
247,2024-02-11,2024-02-11 07:30:00 AM,2024-02-11 09:30:00 AM,1
248,2024-02-11,2024-02-11 08:30:00 AM,2024-02-11 09:45:00 AM,3
249,2024-02-12,2024-02-12 07:30:00 AM,2024-02-12 09:30:00 AM,1
250,2024-02-12,2024-02-12 08:30:00 AM,2024-02-12 09:45:00 AM,3
251,2024-02-13,2024-02-13 07:30:00 AM,2024-02-13 09:30:00 AM,1
252,2024-02-13,2024-02-13 08:30:00 AM,2024-02-13 09:45:00 AM,3
253,2024-02-14,2024-02-14 07:30:00 AM,2024-02-14 09:30:00 AM,1
254,2024-02-14,2024-02-14 08:30:00 AM,2024-02-14 09:45:00 AM,3
255,2024-02-15,2024-02-15 07:30:00 AM,2024-02-15 09:30:00 AM,1
256,2024-02-15,2024-02-15 08:30:00 AM,2024-02-15 09:45:00 AM,3
257,2024-02-16,2024-02-16 07:30:00 AM,2024-02-16 09:30:00 AM,1
258,2024-02-16,2024-02-16 08:30:00 AM,2024-02-16 09:45:00 AM,3
259,2024-02-17,2024-02-17 07:30:00 AM,2024-02-17 09:30:00 AM,1
260,2024-02-17,2024-02-17 08:30:00 AM,2024-02-17 09:45:00 AM,3
261,2024-02-18,2024-02-18 07:30:00 AM,2024-02-18 09:30:00 AM,1
262,2024-02-18,2024-02-18 08:30:00 AM,2024-02-18 09:45:00 AM,3
263,2024-02-19,2024-02-19 07:30:00 AM,2024-02-19 09:30:00 AM,1
264,2024-02-19,2024-02-19 08:30:00 AM,2024-02-19 09:45:00 AM,3
265,2024-02-20,2024-02-20 07:30:00 AM,2024-02-20 09:30:00 AM,1
266,2024-02-20,2024-02-20 08:30:00 AM,2024-02-20 09:45:00 AM,3
267,2024-02-21,2024-02-21 07:30:00 AM,2024-02-21 09:30:00 AM,1
268,2024-02-21,2024-02-21 08:30:00 AM,2024-02-21 09:45:00 AM,3
269,2024-02-22,2024-02-22 07:30:00 AM,2024-02-22 09:30:00 AM,1
270,2024-02-22,2024-02-22 08:30:00 AM,2024-02-22 09:45:00 AM,3
271,2024-02-23,2024-02-23 07:30:00 AM,2024-02-23 09:30:00 AM,1
272,2024-02-23,2024-02-23 08:30:00 AM,2024-02-23 09:45:00 AM,3
273,2024-02-24,2024-02-24 07:30:00 AM,2024-02-24 09:30:00 AM,1
274,2024-02-24,2024-02-24 08:30:00 AM,2024-02-24 09:45:00 AM,3
275,2024-02-25,2024-02-25 07:30:00 AM,2024-02-25 09:30:00 AM,1
276,2024-02-25,2024-02-25 08:30:00 AM,2024-02-25 09:45:00 AM,3
277,2024-02-26,2024-02-26 07:30:00 AM,2024-02-26 09:30:00 AM,1
278,2024-02-26,2024-02-26 08:30:00 AM,2024-02-26 09:45:00 AM,3
279,2024-02-27,2024-02-27 07:30:00 AM,2024-02-27 09:30:00 AM,1
280,2024-02-27,2024-02-27 08:30:00 AM,2024-02-27 09:45:00 AM,3
281,2024-02-28,2024-02-28 07:30:00 AM,2024-02-28 09:30:00 AM,1
282,2024-02-28,2024-02-28 08:30:00 AM,2024-02-28 09:45:00 AM,3
283,2024-02-29,2024-02-29 07:30:00 AM,2024-02-29 09:30:00 AM,1
284,2024-02-29,2024-02-29 08:30:00 AM,2024-02-29 09:45:00 AM,3
285,2024-03-01,2024-03-01 07:30:00 AM,2024-03-01 09:30:00 AM,1
286,2024-03-01,2024-03-01 08:30:00 AM,2024-03-01 09:45:00 AM,3
287,2024-03-02,2024-03-02 07:30:00 AM,2024-03-02 09:30:00 AM,1
288,2024-03-02,2024-03-02 08:30:00 AM,2024-03-02 09:45:00 AM,3
289,2024-03-03,2024-03-03 07:30:00 AM,2024-03-03 09:30:00 AM,1
290,2024-03-03,2024-03-03 08:30:00 AM,2024-03-03 09:45:00 AM,3
291,2024-03-04,2024-03-04 07:30:00 AM,2024-03-04 09:30:00 AM,1
292,2024-03-04,2024-03-04 08:30:00 AM,2024-03-04 09:45:00 AM,3
293,2024-03-05,2024-03-05 07:30:00 AM,2024-03-05 09:30:00 AM,1
294,2024-03-05,2024-03-05 08:30:00 AM,2024-03-05 09:45:00 AM,3
295,2024-03-06,2024-03-06 07:30:00 AM,2024-03-06 09:30:00 AM,1
296,2024-03-06,2024-03-06 08:30:00 AM,2024-03-06 09:45:00 AM,3
297,2024-03-07,2024-03-07 07:30:00 AM,2024-03-07 09:30:00 AM,1
298,2024-03-07,2024-03-07 08:30:00 AM,2024-03-07 09:45:00 AM,3
299,2024-03-08,2024-03-08 07:30:00 AM,2024-03-08 09:30:00 AM,1
300,2024-03-08,2024-03-08 08:30:00 AM,2024-03-08 09:45:00 AM,3
301,2024-03-09,2024-03-09 07:30:00 AM,2024-03-09 09:30:00 AM,1
302,2024-03-09,2024-03-09 08:30:00 AM,2024-03-09 09:45:00 AM,3
303,2024-03-10,2024-03-10 07:30:00 AM,2024-03-10 09:30:00 AM,1
304,2024-03-10,2024-03-10 08:30:00 AM,2024-03-10 09:45:00 AM,3
305,2024-03-11,2024-03-11 07:30:00 AM,2024-03-11 09:30:00 AM,1
306,2024-03-11,2024-03-11 08:30:00 AM,2024-03-11 09:45:00 AM,3
307,2024-03-12,2024-03-12 07:30:00 AM,2024-03-12 09:30:00 AM,1
308,2024-03-12,2024-03-12 08:30:00 AM,2024-03-12 09:45:00 AM,3
309,2024-03-13,2024-03-13 07:30:00 AM,2024-03-13 09:30:00 AM,1
310,2024-03-13,2024-03-13 08:30:00 AM,2024-03-13 09:45:00 AM,3
311,2024-03-14,2024-03-14 07:30:00 AM,2024-03-14 09:30:00 AM,1
312,2024-03-14,2024-03-14 08:30:00 AM,2024-03-14 09:45:00 AM,3
313,2024-03-15,2024-03-15 07:30:00 AM,2024-03-15 09:30:00 AM,1
314,2024-03-15,2024-03-15 08:30:00 AM,2024-03-15 09:45:00 AM,3
315,2024-03-16,2024-03-16 07:30:00 AM,2024-03-16 09:30:00 AM,1
316,2024-03-16,2024-03-16 08:30:00 AM,2024-03-16 09:45:00 AM,3
317,2024-03-17,2024-03-17 07:30:00 AM,2024-03-17 09:30:00 AM,1
318,2024-03-17,2024-03-17 08:30:00 AM,2024-03-17 09:45:00 AM,3
319,2024-03-18,2024-03-18 07:30:00 AM,2024-03-18 09:30:00 AM,1
320,2024-03-18,2024-03-18 08:30:00 AM,2024-03-18 09:45:00 AM,3
321,2024-03-19,2024-03-19 07:30:00 AM,2024-03-19 09:30:00 AM,1
322,2024-03-19,2024-03-19 08:30:00 AM,2024-03-19 09:45:00 AM,3
323,2024-03-20,2024-03-20 07:30:00 AM,2024-03-20 09:30:00 AM,1
324,2024-03-20,2024-03-20 08:30:00 AM,2024-03-20 09:45:00 AM,3
325,2024-03-21,2024-03-21 07:30:00 AM,2024-03-21 09:30:00 AM,1
326,2024-03-21,2024-03-21 08:30:00 AM,2024-03-21 09:45:00 AM,3
327,2024-03-22,2024-03-22 07:30:00 AM,2024-03-22 09:30:00 AM,1
328,2024-03-22,2024-03-22 08:30:00 AM,2024-03-22 09:45:00 AM,3
329,2024-03-23,2024-03-23 07:30:00 AM,2024-03-23 09:30:00 AM,1
330,2024-03-23,2024-03-23 08:30:00 AM,2024-03-23 09:45:00 AM,3
331,2024-03-24,2024-03-24 07:30:00 AM,2024-03-24 09:30:00 AM,1
332,2024-03-24,2024-03-24 08:30:00 AM,2024-03-24 09:45:00 AM,3
333,2024-03-25,2024-03-25 07:30:00 AM,2024-03-25 09:30:00 AM,1
334,2024-03-25,2024-03-25 08:30:00 AM,2024-03-25 09:45:00 AM,3
335,2024-03-26,2024-03-26 07:30:00 AM,2024-03-26 09:30:00 AM,1
336,2024-03-26,2024-03-26 08:30:00 AM,2024-03-26 09:45:00 AM,3
337,2024-03-27,2024-03-27 07:30:00 AM,2024-03-27 09:30:00 AM,1
338,2024-03-27,2024-03-27 08:30:00 AM,2024-03-27 09:45:00 AM,3
339,2024-03-28,2024-03-28 07:30:00 AM,2024-03-28 09:30:00 AM,1
340,2024-03-28,2024-03-28 08:30:00 AM,2024-03-28 09:45:00 AM,3
341,2024-03-29,2024-03-29 07:30:00 AM,2024-03-29 09:30:00 AM,1
342,2024-03-29,2024-03-29 08:30:00 AM,2024-03-29 09:45:00 AM,3
343,2024-03-30,2024-03-30 07:30:00 AM,2024-03-30 09:30:00 AM,1
344,2024-03-30,2024-03-30 08:30:00 AM,2024-03-30 09:45:00 AM,3
345,2024-03-31,2024-03-31 07:30:00 AM,2024-03-31 09:30:00 AM,1
346,2024-03-31,2024-03-31 08:30:00 AM,2024-03-31 09:45:00 AM,3
347,2024-04-01,2024-04-01 07:30:00 AM,2024-04-01 09:30:00 AM,1
348,2024-04-01,2024-04-01 08:30:00 AM,2024-04-01 09:45:00 AM,3
349,2024-04-02,2024-04-02 07:30:00 AM,2024-04-02 09:30:00 AM,1
350,2024-04-02,2024-04-02 08:30:00 AM,2024-04-02 09:45:00 AM,3
351,2024-04-03,2024-04-03 07:30:00 AM,2024-04-03 09:30:00 AM,1
352,2024-04-03,2024-04-03 08:30:00 AM,2024-04-03 09:45:00 AM,3
353,2024-04-04,2024-04-04 07:30:00 AM,2024-04-04 09:30:00 AM,1
354,2024-04-04,2024-04-04 08:30:00 AM,2024-04-04 09:45:00 AM,3
355,2024-04-05,2024-04-05 08:30:00 AM,2024-04-05 09:45:00 AM,3
356,2024-04-06,2024-04-06 08:30:00 AM,2024-04-06 09:45:00 AM,3
357,2024-04-06,2024-04-06 08:15:00 AM,2024-04-06 09:15:00 AM,2
358,2024-04-06,2024-04-06 08:45:00 AM,2024-04-06 09:15:00 AM,4
359,2024-04-06,2024-04-06 09:00:00 AM,2024-04-06 09:15:00 AM,5
360,2024-04-10,2024-04-10 10:23:00 PM,2024-04-10 10:28:12 PM,12
362,2024-04-12,2024-04-12 04:53:22 AM,2024-04-12 06:24:40 AM,13
