UsageDate,MemberID,EquipmentID,UsageStart,UsageEnd
2023-08-04,1,3,2023-08-04 07:45:00 AM,2023-08-04 08:30:00 AM
2023-08-05,1,3,2023-08-04 07:45:00 AM,2023-08-04 08:30:00 AM
2023-08-06,1,3,2023-08-04 07:45:00 AM,2023-08-04 08:30:00 AM
2023-08-07,1,3,2023-08-04 07:45:00 AM,2023-08-04 08:30:00 AM
2023-08-08,1,3,2023-08-04 07:45:00 AM,2023-08-04 08:30:00 AM
2023-08-09,1,3,2023-08-04 07:45:00 AM,2023-08-04 08:30:00 AM
2023-08-10,1,3,2023-08-04 07:45:00 AM,2023-08-04 08:30:00 AM
2023-08-11,1,3,2023-08-04 07:45:00 AM,2023-08-04 08:30:00 AM
2023-08-12,1,3,2023-08-04 07:45:00 AM,2023-08-04 08:30:00 AM
2023-08-13,1,3,2023-08-04 07:45:00 AM,2023-08-04 08:30:00 AM
2023-08-14,1,3,2023-08-04 07:45:00 AM,2023-08-04 08:30:00 AM
2023-08-15,1,3,2023-08-04 07:45:00 AM,2023-08-04 08:30:00 AM
2023-08-16,1,3,2023-08-04 07:45:00 AM,2023-08-04 08:30:00 AM
2023-08-17,1,3,2023-08-04 07:45:00 AM,2023-08-04 08:30:00 AM
2023-08-18,1,3,2023-08-04 07:45:00 AM,2023-08-04 08:30:00 AM
2023-08-19,1,3,2023-08-04 07:45:00 AM,2023-08-04 08:30:00 AM
2023-08-20,1,3,2023-08-04 07:45:00 AM,2023-08-04 08:30:00 AM
2023-08-21,1,3,2023-08-04 07:45:00 AM,2023-08-04 08:30:00 AM
2023-08-22,1,3,2023-08-04 07:45:00 AM,2023-08-04 08:30:00 AM
2023-08-23,1,3,2023-08-04 07:45:00 AM,2023-08-04 08:30:00 AM
2023-08-24,1,3,2023-08-04 07:45:00 AM,2023-08-04 08:30:00 AM
2023-08-25,1,3,2023-08-04 07:45:00 AM,2023-08-04 08:30:00 AM
2023-08-26,1,3,2023-08-04 07:45:00 AM,2023-08-04 08:30:00 AM
2023-08-27,1,3,2023-08-04 07:45:00 AM,2023-08-04 08:30:00 AM
2023-08-28,1,3,2023-08-04 07:45:00 AM,2023-08-04 08:30:00 AM
2023-08-29,1,3,2023-08-04 07:45:00 AM,2023-08-04 08:30:00 AM
2023-08-30,1,3,2023-08-04 07:45:00 AM,2023-08-04 08:30:00 AM
2023-08-31,1,3,2023-08-04 07:45:00 AM,2023-08-04 08:30:00 AM
2023-09-01,1,3,2023-08-04 07:45:00 AM,2023-08-04 08:30:00 AM
2023-09-02,1,3,2023-08-04 07:45:00 AM,2023-08-04 08:30:00 AM
2023-09-03,1,3,2023-08-04 07:45:00 AM,2023-08-04 08:30:00 AM
2023-09-04,1,3,2023-08-04 07:45:00 AM,2023-08-04 08:30:00 AM
2023-09-05,1,3,2023-08-04 07:45:00 AM,2023-08-04 08:30:00 AM
2023-09-06,1,3,2023-08-04 07:45:00 AM,2023-08-04 08:30:00 AM
2023-09-07,1,3,2023-08-04 07:45:00 AM,2023-08-04 08:30:00 AM
2023-09-08,1,3,2023-08-04 07:45:00 AM,2023-08-04 08:30:00 AM
2023-09-09,1,3,2023-08-04 07:45:00 AM,2023-08-04 08:30:00 AM
2023-09-10,1,3,2023-08-04 07:45:00 AM,2023-08-04 08:30:00 AM
2023-09-11,1,3,2023-08-04 07:45:00 AM,2023-08-04 08:30:00 AM
2023-09-12,1,3,2023-08-04 07:45:00 AM,2023-08-04 08:30:00 AM
2023-09-13,1,3,2023-08-04 07:45:00 AM,2023-08-04 08:30:00 AM
2023-09-14,1,3,2023-08-04 07:45:00 AM,2023-08-04 08:30:00 AM
2023-09-15,1,3,2023-08-04 07:45:00 AM,2023-08-04 08:30:00 AM
2023-09-16,1,3,2023-08-04 07:45:00 AM,2023-08-04 08:30:00 AM
2023-09-17,1,3,2023-08-04 07:45:00 AM,2023-08-04 08:30:00 AM
2023-09-18,1,3,2023-08-04 07:45:00 AM,2023-08-04 08:30:00 AM
2023-09-19,1,3,2023-08-04 07:45:00 AM,2023-08-04 08:30:00 AM
2023-09-20,1,3,2023-08-04 07:45:00 AM,2023-08-04 08:30:00 AM
2023-09-21,1,3,2023-08-04 07:45:00 AM,2023-08-04 08:30:00 AM
2023-09-22,1,3,2023-08-04 07:45:00 AM,2023-08-04 08:30:00 AM
2023-09-23,1,3,2023-08-04 07:45:00 AM,2023-08-04 08:30:00 AM
2023-09-24,1,3,2023-08-04 07:45:00 AM,2023-08-04 08:30:00 AM
2023-09-25,1,3,2023-08-04 07:45:00 AM,2023-08-04 08:30:00 AM
2023-09-26,1,3,2023-08-04 07:45:00 AM,2023-08-04 08:30:00 AM
2023-09-27,1,3,2023-08-04 07:45:00 AM,2023-08-04 08:30:00 AM
2023-09-28,1,3,2023-08-04 07:45:00 AM,2023-08-04 08:30:00 AM
2023-09-29,1,3,2023-08-04 07:45:00 AM,2023-08-04 08:30:00 AM
2023-09-30,1,3,2023-08-04 07:45:00 AM,2023-08-04 08:30:00 AM
2023-10-01,1,3,2023-08-04 07:45:00 AM,2023-08-04 08:30:00 AM
2023-10-02,1,3,2023-08-04 07:45:00 AM,2023-08-04 08:30:00 AM
2023-10-03,1,3,2023-08-04 07:45:00 AM,2023-08-04 08:30:00 AM
2023-10-04,1,3,2023-08-04 07:45:00 AM,2023-08-04 08:30:00 AM
2023-10-05,1,3,2023-08-04 07:45:00 AM,2023-08-04 08:30:00 AM
2023-10-06,1,3,2023-08-04 07:45:00 AM,2023-08-04 08:30:00 AM
2023-10-07,1,3,2023-08-04 07:45:00 AM,2023-08-04 08:30:00 AM
2023-10-08,1,3,2023-08-04 07:45:00 AM,2023-08-04 08:30:00 AM
2023-10-09,1,3,2023-08-04 07:45:00 AM,2023-08-04 08:30:00 AM
2023-10-10,1,3,2023-08-04 07:45:00 AM,2023-08-04 08:30:00 AM
2023-10-11,1,3,2023-08-04 07:45:00 AM,2023-08-04 08:30:00 AM
2023-10-12,1,3,2023-08-04 07:45:00 AM,2023-08-04 08:30:00 AM
2023-10-13,1,3,2023-08-04 07:45:00 AM,2023-08-04 08:30:00 AM
2023-10-14,1,3,2023-08-04 07:45:00 AM,2023-08-04 08:30:00 AM
2023-10-15,1,3,2023-08-04 07:45:00 AM,2023-08-04 08:30:00 AM
2023-10-16,1,3,2023-08-04 07:45:00 AM,2023-08-04 08:30:00 AM
2023-10-17,1,3,2023-08-04 07:45:00 AM,2023-08-04 08:30:00 AM
2023-10-18,1,3,2023-08-04 07:45:00 AM,2023-08-04 08:30:00 AM
2023-10-19,1,3,2023-08-04 07:45:00 AM,2023-08-04 08:30:00 AM
2023-10-20,1,3,2023-08-04 07:45:00 AM,2023-08-04 08:30:00 AM
2023-10-21,1,3,2023-08-04 07:45:00 AM,2023-08-04 08:30:00 AM
2023-10-22,1,3,2023-08-04 07:45:00 AM,2023-08-04 08:30:00 AM
2023-10-23,1,3,2023-08-04 07:45:00 AM,2023-08-04 08:30:00 AM
2023-10-24,1,3,2023-08-04 07:45:00 AM,2023-08-04 08:30:00 AM
2023-10-25,1,3,2023-08-04 07:45:00 AM,2023-08-04 08:30:00 AM
2023-10-26,1,3,2023-08-04 07:45:00 AM,2023-08-04 08:30:00 AM
2023-10-27,1,3,2023-08-04 07:45:00 AM,2023-08-04 08:30:00 AM
2023-10-28,1,3,2023-08-04 07:45:00 AM,2023-08-04 08:30:00 AM
2023-10-29,1,3,2023-08-04 07:45:00 AM,2023-08-04 08:30:00 AM
2023-10-30,1,3,2023-08-04 07:45:00 AM,2023-08-04 08:30:00 AM
2023-10-31,1,3,2023-08-04 07:45:00 AM,2023-08-04 08:30:00 AM
2023-11-01,1,3,2023-08-04 07:45:00 AM,2023-08-04 08:30:00 AM
2023-11-02,1,3,2023-08-04 07:45:00 AM,2023-08-04 08:30:00 AM
2023-11-03,1,3,2023-08-04 07:45:00 AM,2023-08-04 08:30:00 AM
2023-11-04,1,3,2023-08-04 07:45:00 AM,2023-08-04 08:30:00 AM
2023-11-05,1,3,2023-08-04 07:45:00 AM,2023-08-04 08:30:00 AM
2023-11-06,1,3,2023-08-04 07:45:00 AM,2023-08-04 08:30:00 AM
2023-11-07,1,3,2023-08-04 07:45:00 AM,2023-08-04 08:30:00 AM
2023-11-08,1,3,2023-08-04 07:45:00 AM,2023-08-04 08:30:00 AM
2023-11-09,1,3,2023-08-04 07:45:00 AM,2023-08-04 08:30:00 AM
2023-11-10,1,3,2023-08-04 07:45:00 AM,2023-08-04 08:30:00 AM
2023-11-11,1,3,2023-08-04 07:45:00 AM,2023-08-04 08:30:00 AM
2023-11-12,1,3,2023-08-04 07:45:00 AM,2023-08-04 08:30:00 AM
2023-11-13,1,3,2023-08-04 07:45:00 AM,2023-08-04 08:30:00 AM
2023-11-14,1,3,2023-08-04 07:45:00 AM,2023-08-04 08:30:00 AM
2023-11-15,1,3,2023-08-04 07:45:00 AM,2023-08-04 08:30:00 AM
2023-11-16,1,3,2023-08-04 07:45:00 AM,2023-08-04 08:30:00 AM
2023-11-17,1,3,2023-08-04 07:45:00 AM,2023-08-04 08:30:00 AM
2023-11-18,1,3,2023-08-04 07:45:00 AM,2023-08-04 08:30:00 AM
2023-11-19,1,3,2023-08-04 07:45:00 AM,2023-08-04 08:30:00 AM
2023-11-20,1,3,2023-08-04 07:45:00 AM,2023-08-04 08:30:00 AM
2023-11-21,1,3,2023-08-04 07:45:00 AM,2023-08-04 08:30:00 AM
2023-11-22,1,3,2023-08-04 07:45:00 AM,2023-08-04 08:30:00 AM
2023-11-23,1,3,2023-08-04 07:45:00 AM,2023-08-04 08:30:00 AM
2023-11-24,1,3,2023-08-04 07:45:00 AM,2023-08-04 08:30:00 AM
2023-11-25,1,3,2023-08-04 07:45:00 AM,2023-08-04 08:30:00 AM
2023-11-26,1,3,2023-08-04 07:45:00 AM,2023-08-04 08:30:00 AM
2023-11-27,1,3,2023-08-04 07:45:00 AM,2023-08-04 08:30:00 AM
2023-11-28,1,3,2023-08-04 07:45:00 AM,2023-08-04 08:30:00 AM
2023-11-29,1,3,2023-08-04 07:45:00 AM,2023-08-04 08:30:00 AM
2023-11-30,1,3,2023-08-04 07:45:00 AM,2023-08-04 08:30:00 AM
2023-12-01,1,3,2023-08-04 07:45:00 AM,2023-08-04 08:30:00 AM
2023-12-02,1,3,2023-08-04 07:45:00 AM,2023-08-04 08:30:00 AM
2023-12-03,1,3,2023-08-04 07:45:00 AM,2023-08-04 08:30:00 AM
2023-12-04,1,3,2023-08-04 07:45:00 AM,2023-08-04 08:30:00 AM
2023-12-05,1,3,2023-08-04 07:45:00 AM,2023-08-04 08:30:00 AM
2023-12-06,1,3,2023-08-04 07:45:00 AM,2023-08-04 08:30:00 AM
2023-12-07,1,3,2023-08-04 07:45:00 AM,2023-08-04 08:30:00 AM
2023-12-08,1,3,2023-08-04 07:45:00 AM,2023-08-04 08:30:00 AM
2023-12-09,1,3,2023-08-04 07:45:00 AM,2023-08-04 08:30:00 AM
2023-12-10,1,3,2023-08-04 07:45:00 AM,2023-08-04 08:30:00 AM
2023-12-11,1,3,2023-08-04 07:45:00 AM,2023-08-04 08:30:00 AM
2023-12-12,1,3,2023-08-04 07:45:00 AM,2023-08-04 08:30:00 AM
2023-12-13,1,3,2023-08-04 07:45:00 AM,2023-08-04 08:30:00 AM
2023-12-14,1,3,2023-08-04 07:45:00 AM,2023-08-04 08:30:00 AM
2023-12-15,1,3,2023-08-04 07:45:00 AM,2023-08-04 08:30:00 AM
2023-12-16,1,3,2023-08-04 07:45:00 AM,2023-08-04 08:30:00 AM
2023-12-17,1,3,2023-08-04 07:45:00 AM,2023-08-04 08:30:00 AM
2023-12-18,1,3,2023-08-04 07:45:00 AM,2023-08-04 08:30:00 AM
2023-12-19,1,3,2023-08-04 07:45:00 AM,2023-08-04 08:30:00 AM
2023-12-20,1,3,2023-08-04 07:45:00 AM,2023-08-04 08:30:00 AM
2023-12-21,1,3,2023-08-04 07:45:00 AM,2023-08-04 08:30:00 AM
2023-12-22,1,3,2023-08-04 07:45:00 AM,2023-08-04 08:30:00 AM
2023-12-23,1,3,2023-08-04 07:45:00 AM,2023-08-04 08:30:00 AM
2023-12-24,1,3,2023-08-04 07:45:00 AM,2023-08-04 08:30:00 AM
2023-12-25,1,3,2023-08-04 07:45:00 AM,2023-08-04 08:30:00 AM
2023-12-26,1,3,2023-08-04 07:45:00 AM,2023-08-04 08:30:00 AM
2023-12-27,1,3,2023-08-04 07:45:00 AM,2023-08-04 08:30:00 AM
2023-12-28,1,3,2023-08-04 07:45:00 AM,2023-08-04 08:30:00 AM
2023-12-29,1,3,2023-08-04 07:45:00 AM,2023-08-04 08:30:00 AM
2023-12-30,1,3,2023-08-04 07:45:00 AM,2023-08-04 08:30:00 AM
2023-12-31,1,3,2023-08-04 07:45:00 AM,2023-08-04 08:30:00 AM
2024-01-01,1,3,2023-08-04 07:45:00 AM,2023-08-04 08:30:00 AM
2024-01-02,1,3,2023-08-04 07:45:00 AM,2023-08-04 08:30:00 AM
2024-01-03,1,3,2023-08-04 07:45:00 AM,2023-08-04 08:30:00 AM
2024-01-04,1,3,2023-08-04 07:45:00 AM,2023-08-04 08:30:00 AM
2024-01-05,1,3,2023-08-04 07:45:00 AM,2023-08-04 08:30:00 AM
2024-01-05,3,4,2023-08-04 08:45:00 AM,2023-08-04 09:30:00 AM
2024-01-06,1,3,2023-08-04 07:45:00 AM,2023-08-04 08:30:00 AM
2024-01-06,3,4,2023-08-04 08:45:00 AM,2023-08-04 09:30:00 AM
2024-01-07,1,3,2023-08-04 07:45:00 AM,2023-08-04 08:30:00 AM
2024-01-07,3,4,2023-08-04 08:45:00 AM,2023-08-04 09:30:00 AM
2024-01-08,1,3,2023-08-04 07:45:00 AM,2023-08-04 08:30:00 AM
2024-01-08,3,4,2023-08-04 08:45:00 AM,2023-08-04 09:30:00 AM
2024-01-09,1,3,2023-08-04 07:45:00 AM,2023-08-04 08:30:00 AM
2024-01-09,3,4,2023-08-04 08:45:00 AM,2023-08-04 09:30:00 AM
2024-01-10,1,3,2023-08-04 07:45:00 AM,2023-08-04 08:30:00 AM
2024-01-10,3,4,2023-08-04 08:45:00 AM,2023-08-04 09:30:00 AM
2024-01-11,1,3,2023-08-04 07:45:00 AM,2023-08-04 08:30:00 AM
2024-01-11,3,4,2023-08-04 08:45:00 AM,2023-08-04 09:30:00 AM
2024-01-12,1,3,2023-08-04 07:45:00 AM,2023-08-04 08:30:00 AM
2024-01-12,3,4,2023-08-04 08:45:00 AM,2023-08-04 09:30:00 AM
2024-01-13,1,3,2023-08-04 07:45:00 AM,2023-08-04 08:30:00 AM
2024-01-13,3,4,2023-08-04 08:45:00 AM,2023-08-04 09:30:00 AM
2024-01-14,1,3,2023-08-04 07:45:00 AM,2023-08-04 08:30:00 AM
2024-01-14,3,4,2023-08-04 08:45:00 AM,2023-08-04 09:30:00 AM
2024-01-15,1,3,2023-08-04 07:45:00 AM,2023-08-04 08:30:00 AM
2024-01-15,3,4,2023-08-04 08:45:00 AM,2023-08-04 09:30:00 AM
2024-01-16,1,3,2023-08-04 07:45:00 AM,2023-08-04 08:30:00 AM
2024-01-16,3,4,2023-08-04 08:45:00 AM,2023-08-04 09:30:00 AM
2024-01-17,1,3,2023-08-04 07:45:00 AM,2023-08-04 08:30:00 AM
2024-01-17,3,4,2023-08-04 08:45:00 AM,2023-08-04 09:30:00 AM
2024-01-18,1,3,2023-08-04 07:45:00 AM,2023-08-04 08:30:00 AM
2024-01-18,3,4,2023-08-04 08:45:00 AM,2023-08-04 09:30:00 AM
2024-01-19,1,3,2023-08-04 07:45:00 AM,2023-08-04 08:30:00 AM
2024-01-19,3,4,2023-08-04 08:45:00 AM,2023-08-04 09:30:00 AM
2024-01-20,1,3,2023-08-04 07:45:00 AM,2023-08-04 08:30:00 AM
2024-01-20,3,4,2023-08-04 08:45:00 AM,2023-08-04 09:30:00 AM
2024-01-21,1,3,2023-08-04 07:45:00 AM,2023-08-04 08:30:00 AM
2024-01-21,3,4,2023-08-04 08:45:00 AM,2023-08-04 09:30:00 AM
2024-01-22,1,3,2023-08-04 07:45:00 AM,2023-08-04 08:30:00 AM
2024-01-22,3,4,2023-08-04 08:45:00 AM,2023-08-04 09:30:00 AM
2024-01-23,1,3,2023-08-04 07:45:00 AM,2023-08-04 08:30:00 AM
2024-01-23,3,4,2023-08-04 08:45:00 AM,2023-08-04 09:30:00 AM
2024-01-24,1,3,2023-08-04 07:45:00 AM,2023-08-04 08:30:00 AM
2024-01-24,3,4,2023-08-04 08:45:00 AM,2023-08-04 09:30:00 AM
2024-01-25,1,3,2023-08-04 07:45:00 AM,2023-08-04 08:30:00 AM
2024-01-25,3,4,2023-08-04 08:45:00 AM,2023-08-04 09:30:00 AM
2024-01-26,1,3,2023-08-04 07:45:00 AM,2023-08-04 08:30:00 AM
2024-01-26,3,4,2023-08-04 08:45:00 AM,2023-08-04 09:30:00 AM
2024-01-27,1,3,2023-08-04 07:45:00 AM,2023-08-04 08:30:00 AM
2024-01-27,3,4,2023-08-04 08:45:00 AM,2023-08-04 09:30:00 AM
2024-01-28,1,3,2023-08-04 07:45:00 AM,2023-08-04 08:30:00 AM
2024-01-28,3,4,2023-08-04 08:45:00 AM,2023-08-04 09:30:00 AM
2024-01-29,1,3,2023-08-04 07:45:00 AM,2023-08-04 08:30:00 AM
2024-01-29,3,4,2023-08-04 08:45:00 AM,2023-08-04 09:30:00 AM
2024-01-30,1,3,2023-08-04 07:45:00 AM,2023-08-04 08:30:00 AM
2024-01-30,3,4,2023-08-04 08:45:00 AM,2023-08-04 09:30:00 AM
2024-01-31,1,3,2023-08-04 07:45:00 AM,2023-08-04 08:30:00 AM
2024-01-31,3,4,2023-08-04 08:45:00 AM,2023-08-04 09:30:00 AM
2024-02-01,1,3,2023-08-04 07:45:00 AM,2023-08-04 08:30:00 AM
2024-02-01,3,4,2023-08-04 08:45:00 AM,2023-08-04 09:30:00 AM
2024-02-02,1,3,2023-08-04 07:45:00 AM,2023-08-04 08:30:00 AM
2024-02-02,3,4,2023-08-04 08:45:00 AM,2023-08-04 09:30:00 AM
2024-02-03,1,3,2023-08-04 07:45:00 AM,2023-08-04 08:30:00 AM
2024-02-03,3,4,2023-08-04 08:45:00 AM,2023-08-04 09:30:00 AM
2024-02-04,1,3,2023-08-04 07:45:00 AM,2023-08-04 08:30:00 AM
2024-02-04,3,4,2023-08-04 08:45:00 AM,2023-08-04 09:30:00 AM
2024-02-05,1,3,2023-08-04 07:45:00 AM,2023-08-04 08:30:00 AM
2024-02-05,3,4,2023-08-04 08:45:00 AM,2023-08-04 09:30:00 AM
2024-02-06,1,3,2023-08-04 07:45:00 AM,2023-08-04 08:30:00 AM
2024-02-06,3,4,2023-08-04 08:45:00 AM,2023-08-04 09:30:00 AM
2024-02-07,1,3,2023-08-04 07:45:00 AM,2023-08-04 08:30:00 AM
2024-02-07,3,4,2023-08-04 08:45:00 AM,2023-08-04 09:30:00 AM
2024-02-08,1,3,2023-08-04 07:45:00 AM,2023-08-04 08:30:00 AM
2024-02-08,3,4,2023-08-04 08:45:00 AM,2023-08-04 09:30:00 AM
2024-02-09,1,3,2023-08-04 07:45:00 AM,2023-08-04 08:30:00 AM
2024-02-09,3,4,2023-08-04 08:45:00 AM,2023-08-04 09:30:00 AM
2024-02-10,1,3,2023-08-04 07:45:00 AM,2023-08-04 08:30:00 AM
2024-02-10,3,4,2023-08-04 08:45:00 AM,2023-08-04 09:30:00 AM
2024-02-11,1,3,2023-08-04 07:45:00 AM,2023-08-04 08:30:00 AM
2024-02-11,3,4,2023-08-04 08:45:00 AM,2023-08-04 09:30:00 AM
2024-02-12,1,3,2023-08-04 07:45:00 AM,2023-08-04 08:30:00 AM
2024-02-12,3,4,2023-08-04 08:45:00 AM,2023-08-04 09:30:00 AM
2024-02-13,1,3,2023-08-04 07:45:00 AM,2023-08-04 08:30:00 AM
2024-02-13,3,4,2023-08-04 08:45:00 AM,2023-08-04 09:30:00 AM
2024-02-14,1,3,2023-08-04 07:45:00 AM,2023-08-04 08:30:00 AM
2024-02-14,3,4,2023-08-04 08:45:00 AM,2023-08-04 09:30:00 AM
2024-02-15,1,3,2023-08-04 07:45:00 AM,2023-08-04 08:30:00 AM
2024-02-15,3,4,2023-08-04 08:45:00 AM,2023-08-04 09:30:00 AM
2024-02-16,1,3,2023-08-04 07:45:00 AM,2023-08-04 08:30:00 AM
2024-02-16,3,4,2023-08-04 08:45:00 AM,2023-08-04 09:30:00 AM
2024-02-17,1,3,2023-08-04 07:45:00 AM,2023-08-04 08:30:00 AM
2024-02-17,3,4,2023-08-04 08:45:00 AM,2023-08-04 09:30:00 AM
2024-02-18,1,3,2023-08-04 07:45:00 AM,2023-08-04 08:30:00 AM
2024-02-18,3,4,2023-08-04 08:45:00 AM,2023-08-04 09:30:00 AM
2024-02-19,1,3,2023-08-04 07:45:00 AM,2023-08-04 08:30:00 AM
2024-02-19,3,4,2023-08-04 08:45:00 AM,2023-08-04 09:30:00 AM
2024-02-20,1,3,2023-08-04 07:45:00 AM,2023-08-04 08:30:00 AM
2024-02-20,3,4,2023-08-04 08:45:00 AM,2023-08-04 09:30:00 AM
2024-02-21,1,3,2023-08-04 07:45:00 AM,2023-08-04 08:30:00 AM
2024-02-21,3,4,2023-08-04 08:45:00 AM,2023-08-04 09:30:00 AM
2024-02-22,1,3,2023-08-04 07:45:00 AM,2023-08-04 08:30:00 AM
2024-02-22,3,4,2023-08-04 08:45:00 AM,2023-08-04 09:30:00 AM
2024-02-23,1,3,2023-08-04 07:45:00 AM,2023-08-04 08:30:00 AM
2024-02-23,3,4,2023-08-04 08:45:00 AM,2023-08-04 09:30:00 AM
2024-02-24,1,3,2023-08-04 07:45:00 AM,2023-08-04 08:30:00 AM
2024-02-24,3,4,2023-08-04 08:45:00 AM,2023-08-04 09:30:00 AM
2024-02-25,1,3,2023-08-04 07:45:00 AM,2023-08-04 08:30:00 AM
2024-02-25,3,4,2023-08-04 08:45:00 AM,2023-08-04 09:30:00 AM
2024-02-26,1,3,2023-08-04 07:45:00 AM,2023-08-04 08:30:00 AM
2024-02-26,3,4,2023-08-04 08:45:00 AM,2023-08-04 09:30:00 AM
2024-02-27,1,3,2023-08-04 07:45:00 AM,2023-08-04 08:30:00 AM
2024-02-27,3,4,2023-08-04 08:45:00 AM,2023-08-04 09:30:00 AM
2024-02-28,1,3,2023-08-04 07:45:00 AM,2023-08-04 08:30:00 AM
2024-02-28,3,4,2023-08-04 08:45:00 AM,2023-08-04 09:30:00 AM
2024-02-29,1,3,2023-08-04 07:45:00 AM,2023-08-04 08:30:00 AM
2024-02-29,3,4,2023-08-04 08:45:00 AM,2023-08-04 09:30:00 AM
2024-03-01,1,3,2023-08-04 07:45:00 AM,2023-08-04 08:30:00 AM
2024-03-01,3,4,2023-08-04 08:45:00 AM,2023-08-04 09:30:00 AM
2024-03-02,1,3,2023-08-04 07:45:00 AM,2023-08-04 08:30:00 AM
2024-03-02,3,4,2023-08-04 08:45:00 AM,2023-08-04 09:30:00 AM
2024-03-03,1,3,2023-08-04 07:45:00 AM,2023-08-04 08:30:00 AM
2024-03-03,3,4,2023-08-04 08:45:00 AM,2023-08-04 09:30:00 AM
2024-03-04,1,3,2023-08-04 07:45:00 AM,2023-08-04 08:30:00 AM
2024-03-04,3,4,2023-08-04 08:45:00 AM,2023-08-04 09:30:00 AM
2024-03-05,1,3,2023-08-04 07:45:00 AM,2023-08-04 08:30:00 AM
2024-03-05,3,4,2023-08-04 08:45:00 AM,2023-08-04 09:30:00 AM
2024-03-06,1,3,2023-08-04 07:45:00 AM,2023-08-04 08:30:00 AM
2024-03-06,3,4,2023-08-04 08:45:00 AM,2023-08-04 09:30:00 AM
2024-03-07,1,3,2023-08-04 07:45:00 AM,2023-08-04 08:30:00 AM
2024-03-07,3,4,2023-08-04 08:45:00 AM,2023-08-04 09:30:00 AM
2024-03-08,1,3,2023-08-04 07:45:00 AM,2023-08-04 08:30:00 AM
2024-03-08,3,4,2023-08-04 08:45:00 AM,2023-08-04 09:30:00 AM
2024-03-09,1,3,2023-08-04 07:45:00 AM,2023-08-04 08:30:00 AM
2024-03-09,3,4,2023-08-04 08:45:00 AM,2023-08-04 09:30:00 AM
2024-03-10,1,3,2023-08-04 07:45:00 AM,2023-08-04 08:30:00 AM
2024-03-10,3,4,2023-08-04 08:45:00 AM,2023-08-04 09:30:00 AM
2024-03-11,1,3,2023-08-04 07:45:00 AM,2023-08-04 08:30:00 AM
2024-03-11,3,4,2023-08-04 08:45:00 AM,2023-08-04 09:30:00 AM
2024-03-12,1,3,2023-08-04 07:45:00 AM,2023-08-04 08:30:00 AM
2024-03-12,3,4,2023-08-04 08:45:00 AM,2023-08-04 09:30:00 AM
2024-03-13,1,3,2023-08-04 07:45:00 AM,2023-08-04 08:30:00 AM
2024-03-13,3,4,2023-08-04 08:45:00 AM,2023-08-04 09:30:00 AM
2024-03-14,1,3,2023-08-04 07:45:00 AM,2023-08-04 08:30:00 AM
2024-03-14,3,4,2023-08-04 08:45:00 AM,2023-08-04 09:30:00 AM
2024-03-15,1,3,2023-08-04 07:45:00 AM,2023-08-04 08:30:00 AM
2024-03-15,3,4,2023-08-04 08:45:00 AM,2023-08-04 09:30:00 AM
2024-03-16,1,3,2023-08-04 07:45:00 AM,2023-08-04 08:30:00 AM
2024-03-16,3,4,2023-08-04 08:45:00 AM,2023-08-04 09:30:00 AM
2024-03-17,1,3,2023-08-04 07:45:00 AM,2023-08-04 08:30:00 AM
2024-03-17,3,4,2023-08-04 08:45:00 AM,2023-08-04 09:30:00 AM
2024-03-18,1,3,2023-08-04 07:45:00 AM,2023-08-04 08:30:00 AM
2024-03-18,3,4,2023-08-04 08:45:00 AM,2023-08-04 09:30:00 AM
2024-03-19,1,3,2023-08-04 07:45:00 AM,2023-08-04 08:30:00 AM
2024-03-19,3,4,2023-08-04 08:45:00 AM,2023-08-04 09:30:00 AM
2024-03-20,1,3,2023-08-04 07:45:00 AM,2023-08-04 08:30:00 AM
2024-03-20,3,4,2023-08-04 08:45:00 AM,2023-08-04 09:30:00 AM
2024-03-21,1,3,2023-08-04 07:45:00 AM,2023-08-04 08:30:00 AM
2024-03-21,3,4,2023-08-04 08:45:00 AM,2023-08-04 09:30:00 AM
2024-03-22,1,3,2023-08-04 07:45:00 AM,2023-08-04 08:30:00 AM
2024-03-22,3,4,2023-08-04 08:45:00 AM,2023-08-04 09:30:00 AM
2024-03-23,1,3,2023-08-04 07:45:00 AM,2023-08-04 08:30:00 AM
2024-03-23,3,4,2023-08-04 08:45:00 AM,2023-08-04 09:30:00 AM
2024-03-24,1,3,2023-08-04 07:45:00 AM,2023-08-04 08:30:00 AM
2024-03-24,3,4,2023-08-04 08:45:00 AM,2023-08-04 09:30:00 AM
2024-03-25,1,3,2023-08-04 07:45:00 AM,2023-08-04 08:30:00 AM
2024-03-25,3,4,2023-08-04 08:45:00 AM,2023-08-04 09:30:00 AM
2024-03-26,1,3,2023-08-04 07:45:00 AM,2023-08-04 08:30:00 AM
2024-03-26,3,4,2023-08-04 08:45:00 AM,2023-08-04 09:30:00 AM
2024-03-27,1,3,2023-08-04 07:45:00 AM,2023-08-04 08:30:00 AM
2024-03-27,3,4,2023-08-04 08:45:00 AM,2023-08-04 09:30:00 AM
2024-03-28,1,3,2023-08-04 07:45:00 AM,2023-08-04 08:30:00 AM
2024-03-28,3,4,2023-08-04 08:45:00 AM,2023-08-04 09:30:00 AM
2024-03-29,1,3,2023-08-04 07:45:00 AM,2023-08-04 08:30:00 AM
2024-03-29,3,4,2023-08-04 08:45:00 AM,2023-08-04 09:30:00 AM
2024-03-30,1,3,2023-08-04 07:45:00 AM,2023-08-04 08:30:00 AM
2024-03-30,3,4,2023-08-04 08:45:00 AM,2023-08-04 09:30:00 AM
2024-03-31,1,3,2023-08-04 07:45:00 AM,2023-08-04 08:30:00 AM
2024-03-31,3,4,2023-08-04 08:45:00 AM,2023-08-04 09:30:00 AM
2024-04-01,1,3,2023-08-04 07:45:00 AM,2023-08-04 08:30:00 AM
2024-04-01,3,4,2023-08-04 08:45:00 AM,2023-08-04 09:30:00 AM
2024-04-02,1,3,2023-08-04 07:45:00 AM,2023-08-04 08:30:00 AM
2024-04-02,3,4,2023-08-04 08:45:00 AM,2023-08-04 09:30:00 AM
2024-04-03,1,3,2023-08-04 07:45:00 AM,2023-08-04 08:30:00 AM
2024-04-03,3,4,2023-08-04 08:45:00 AM,2023-08-04 09:30:00 AM
2024-04-04,1,3,2023-08-04 07:45:00 AM,2023-08-04 08:30:00 AM
2024-04-04,3,4,2023-08-04 08:45:00 AM,2023-08-04 09:30:00 AM
2024-04-05,1,1,2023-08-04 08:00:00 AM,2023-08-04 08:30:00 AM
2024-04-05,2,2,2023-08-04 08:30:00 AM,2023-08-04 09:15:00 AM
2024-04-05,3,3,2023-08-04 09:00:00 AM,2023-08-04 09:30:00 AM
2024-04-05,3,4,2023-08-04 08:45:00 AM,2023-08-04 09:30:00 AM
2024-04-05,4,4,2023-08-04 09:15:00 AM,2023-08-04 09:45:00 AM
2024-04-05,5,5,2023-08-04 09:30:00 AM,2023-08-04 10:15:00 AM
2024-04-06,1,1,2023-08-04 08:00:00 AM,2023-08-04 08:30:00 AM
2024-04-06,2,2,2023-08-04 08:30:00 AM,2023-08-04 09:15:00 AM
2024-04-06,3,3,2023-08-04 09:00:00 AM,2023-08-04 09:30:00 AM
2024-04-06,3,4,2023-08-04 08:45:00 AM,2023-08-04 09:30:00 AM
2024-04-06,4,4,2023-08-04 09:15:00 AM,2023-08-04 09:45:00 AM
2024-04-06,5,5,2023-08-04 09:30:00 AM,2023-08-04 10:15:00 AM
2024-04-09,1,1,2023-08-04 08:05:00 PM,2023-08-04 08:42:00 PM
2024-04-09,1,2,2023-08-04 08:30:00 PM,2023-08-04 08:42:00 PM
2024-04-10,12,1,2023-08-04 10:23:00 PM,2023-08-04 10:28:00 PM
2024-04-12,13,2,2023-08-04 05:12:00 AM,2023-08-04 06:03:00 AM
